id,employee_id,departament,performance_score,years_with_company,salary
1,1,Pippa Pheazey,72,1,39
2,2,Haywood Howship,76,2,47
3,3,Sherwin Rigardeau,55,3,96
4,4,Malina Trollope,64,4,53
5,5,Delmor Healing,8,5,64
6,6,Dalila O'Keenan,5,6,7
7,7,Kristina Spinley,73,7,4
8,8,Rodi Langeren,29,8,70
9,9,Mathilda Pfeifer,44,9,65
10,10,Kory Aguirrezabal,38,10,68
11,11,Viviene Yter,66,11,92
12,12,Ethelin Brocking,68,12,5
13,13,Konstantine Ives,25,13,63
14,14,Christoforo Cannavan,32,14,65
15,15,Tadeo Schermick,38,15,87
16,16,Mirna Fundell,11,16,64
17,17,Emyle Gaskins,81,17,53
18,18,Catlaina Kimble,33,18,63
19,19,Walsh Pow,56,19,39
20,20,Ingelbert Polson,21,20,33
21,21,Leone Ninnis,21,21,74
22,22,Dorise Suche,48,22,21
23,23,Sarajane Bruni,99,23,73
24,24,Gilly Whaplington,42,24,52
25,25,Veronica Manicomb,4,25,54
26,26,Erinna Eagger,67,26,86
27,27,Batholomew Hixson,15,27,47
28,28,Casar Wyatt,97,28,22
29,29,Belva Leiden,16,29,39
30,30,Alethea Brockbank,95,30,4
31,31,Conney Maunton,100,31,12
32,32,Bale Hestrop,99,32,55
33,33,Gustaf Kunzler,56,33,81
34,34,Tamar Tetlow,62,34,30
35,35,Dario Wheble,26,35,31
36,36,Bobbe Winspire,59,36,44
37,37,Shayla Morgans,16,37,77
38,38,Nathalia Broader,82,38,66
39,39,Kain Wearing,17,39,60
40,40,Betsy Vivers,38,40,48
41,41,Lemuel Gilders,69,41,1
42,42,Bernardo Makepeace,33,42,93
43,43,Boot Newsham,95,43,97
44,44,Cammi Wadsworth,95,44,92
45,45,Jere Labrom,25,45,78
46,46,Georgianna Mayze,6,46,3
47,47,Elsbeth Hurtic,65,47,80
48,48,Wash Casbolt,61,48,97
49,49,Nadia Burtwistle,90,49,90
50,50,De witt Yuryev,44,50,7
51,51,Hanan Disley,60,51,62
52,52,Aloisia Ibbett,13,52,92
53,53,Ada Barabisch,25,53,49
54,54,Claus Scroggs,1,54,96
55,55,Nata Hutable,26,55,45
56,56,Elicia Spinige,31,56,41
57,57,Benjie Eltringham,35,57,79
58,58,Cristabel Nielson,46,58,49
59,59,Barn Connechy,91,59,1
60,60,Ignazio Sainter,82,60,65
61,61,Lemmie Counter,67,61,6
62,62,Armstrong Stickels,100,62,23
63,63,Dareen Cavy,61,63,7
64,64,Theresita Adanez,10,64,60
65,65,Suki Palmer,74,65,76
66,66,Dorolice Healing,7,66,36
67,67,Sholom Lebarree,60,67,13
68,68,Murvyn Sawart,57,68,25
69,69,Alvina Ravenhills,59,69,61
70,70,Anthia Riall,90,70,91
71,71,Gustavo Cozens,5,71,79
72,72,Giffer Hallgarth,6,72,84
73,73,Kincaid Doggett,24,73,83
74,74,Wynne Bethell,10,74,19
75,75,Regina McCaughran,75,75,80
76,76,Vanny Heatlie,8,76,43
77,77,Tony Ascrofte,63,77,21
78,78,Lem Aguilar,53,78,64
79,79,Scott Duffin,15,79,25
80,80,Herminia Fishburn,53,80,68
81,81,Kary Syphus,59,81,43
82,82,Mariann Shead,96,82,52
83,83,Netti Feehan,97,83,39
84,84,Ernesto Weston,77,84,76
85,85,Marigold Gosnoll,45,85,4
86,86,Neils Bedborough,4,86,14
87,87,Steffi McGahey,33,87,25
88,88,Em Jerrams,75,88,5
89,89,Marci Leschelle,29,89,58
90,90,Sapphire Warden,97,90,15
91,91,Leanna Titterington,70,91,58
92,92,Bill Badgers,31,92,76
93,93,Godfrey Clace,21,93,40
94,94,Nichole Dollimore,7,94,16
95,95,Moss Poile,55,95,46
96,96,Markos Franceschielli,62,96,30
97,97,Shurlocke Claricoates,20,97,59
98,98,Bert Hauger,40,98,4
99,99,Kenny William,94,99,28
100,100,Morris Saffen,19,100,90
101,101,Gunner Dallemore,44,101,48
102,102,Cordelie Henrichsen,66,102,48
103,103,Wilma Noblet,13,103,24
104,104,Silvanus Alker,72,104,9
105,105,Peri Deerr,25,105,77
106,106,Maynord Panton,89,106,83
107,107,Rand Duggen,50,107,27
108,108,Sibyl Woolaghan,32,108,64
109,109,Halsey Puleston,43,109,40
110,110,Lucho Pratty,14,110,31
111,111,Lilith Rennles,46,111,23
112,112,Hyacinthie Peterson,50,112,79
113,113,Lynn Brymham,32,113,82
114,114,Darcy Garrie,90,114,61
115,115,Murdock Stoyle,1,115,100
116,116,Zolly Robilliard,78,116,23
117,117,Livvy Puckett,38,117,67
118,118,Marcelo Glyde,63,118,4
119,119,Larina Woollcott,10,119,17
120,120,Neal Howcroft,38,120,50
121,121,Lily Charlin,39,121,29
122,122,Jessey Allot,38,122,19
123,123,Julissa Rexworthy,60,123,23
124,124,Cathy Halle,92,124,67
125,125,Karim Sleeford,57,125,42
126,126,Shepherd Slimon,16,126,1
127,127,Gayleen Benech,72,127,44
128,128,Loren Vitler,81,128,66
129,129,Douglas Kupis,45,129,63
130,130,Anne-corinne Kohlerman,62,130,40
131,131,Juliana Gibbie,33,131,29
132,132,Barris Fotitt,76,132,3
133,133,Camila Angelini,55,133,25
134,134,Jeffy Lingwood,74,134,91
135,135,Alphonse Drage,55,135,79
136,136,Martina Cholwell,65,136,60
137,137,Antoine Stoneley,13,137,33
138,138,Devina Whatson,78,138,5
139,139,Malva Elstub,6,139,20
140,140,Elladine Scibsey,67,140,93
141,141,Nonah Knolles-Green,46,141,1
142,142,Brendis Brunning,60,142,56
143,143,Rosella Ledward,50,143,15
144,144,Holly O'Logan,84,144,17
145,145,Casie Brookzie,48,145,86
146,146,Noam Beeton,76,146,3
147,147,Bellanca Blades,93,147,19
148,148,Wilhelm Bogaert,68,148,45
149,149,Robert Goldberg,27,149,26
150,150,Ranique Philipart,3,150,23
151,151,Arnaldo Shera,26,151,9
152,152,Annmaria Daniele,26,152,67
153,153,Nada Daniely,41,153,61
154,154,Basia Larderot,10,154,5
155,155,Dionis Kauschke,71,155,74
156,156,Darla Sterrie,31,156,81
157,157,Paulina Dobrowolny,8,157,9
158,158,Mariana Melia,53,158,36
159,159,Tabby Gaylard,82,159,82
160,160,Koenraad Ridsdale,8,160,71
161,161,Craggie McCarver,92,161,44
162,162,Jecho Horrell,6,162,9
163,163,Bevin Tomei,54,163,51
164,164,Lucila Gurry,14,164,4
165,165,Selestina Hartlebury,15,165,80
166,166,Bertie Bothram,82,166,95
167,167,Meggie Stansfield,64,167,11
168,168,Niel Hindmore,62,168,85
169,169,Elyn Kensley,45,169,51
170,170,Cosme Klagge,69,170,46
171,171,Rena Ben,6,171,40
172,172,Tadeas Allans,97,172,28
173,173,Arman Andreasson,88,173,71
174,174,Rosa Staddon,12,174,44
175,175,Corinna Rickertsen,63,175,91
176,176,Gib Keller,66,176,25
177,177,Binny Crowd,48,177,32
178,178,Junette Kroger,84,178,79
179,179,Onida Dillon,69,179,52
180,180,Doris Haslam,29,180,35
181,181,Binnie Moniker,62,181,85
182,182,Mandie Yarnold,97,182,87
183,183,Lian Hassan,21,183,89
184,184,Boot Rulf,78,184,58
185,185,Odell Wicklen,86,185,74
186,186,Reynard Noah,98,186,35
187,187,Iseabal Ginnally,15,187,49
188,188,Dulcea Ganiclef,52,188,62
189,189,Lula Cottee,97,189,26
190,190,Gerianna O' Clovan,24,190,41
191,191,Adda Olivas,16,191,6
192,192,Flss Searchfield,33,192,46
193,193,Eolande Croser,18,193,8
194,194,Gan Downing,81,194,29
195,195,Lani Readmire,69,195,46
196,196,Patton Longden,29,196,86
197,197,Roley Covet,26,197,41
198,198,Latia Buttriss,14,198,67
199,199,Gabe Netherwood,14,199,72
200,200,Bronny Marchington,80,200,53
201,201,Brittany Greasley,66,201,18
202,202,Kingsly Dorsey,16,202,44
203,203,Doralyn Yurenin,33,203,80
204,204,Florri Forryan,71,204,18
205,205,Byrle Broschek,24,205,63
206,206,Dael Digginson,22,206,70
207,207,Gerri Vicioso,19,207,13
208,208,Jereme Lunge,41,208,30
209,209,Mercedes Hussell,22,209,99
210,210,Garvin Pietzke,10,210,32
211,211,Robinette Bradborne,65,211,8
212,212,Abdul Govenlock,96,212,43
213,213,Bibby O'Grada,8,213,13
214,214,Karlene Fitzgerald,26,214,79
215,215,Josephina Lipscomb,46,215,56
216,216,Natka Kinghorn,92,216,6
217,217,Heida Hambribe,9,217,43
218,218,Susie Mccaull,65,218,26
219,219,Emalee Theml,47,219,1
220,220,Cornelle Broune,70,220,2
221,221,Garwin Lyard,90,221,45
222,222,Caryn Emmer,71,222,61
223,223,Elenore McMackin,41,223,89
224,224,Ash Awmack,26,224,17
225,225,Leticia Wilhelmy,61,225,44
226,226,Claresta Elcum,86,226,32
227,227,Andie Tesmond,7,227,64
228,228,Kiel Malser,52,228,9
229,229,Laurice Bricksey,22,229,66
230,230,Patrica Dresser,15,230,37
231,231,Bebe Insoll,69,231,76
232,232,Barde Hymor,21,232,96
233,233,Mada Smurfit,38,233,51
234,234,Estel Jeaffreson,11,234,67
235,235,Tamma Draijer,79,235,5
236,236,Caldwell Ballantine,42,236,92
237,237,Brewster Dowling,98,237,68
238,238,Nicolai McIvor,42,238,11
239,239,Zachery Wilden,77,239,54
240,240,Rey Osband,64,240,54
241,241,Osborn Drought,71,241,6
242,242,Roxana Nettle,29,242,7
243,243,Aveline Agus,46,243,6
244,244,Clara Stollard,64,244,49
245,245,Kristopher Feasby,94,245,81
246,246,Carlynn Sutor,74,246,17
247,247,Elvina Longhi,37,247,17
248,248,Elise Leonards,67,248,75
249,249,Jess Beebee,92,249,1
250,250,Stormi Trevarthen,59,250,1
251,251,Alano Scheffel,10,251,43
252,252,Shamus Minty,21,252,93
253,253,Rufe Sains,42,253,45
254,254,Magnum Savaage,39,254,12
255,255,Burk Dobney,77,255,45
256,256,Ozzy Grassot,58,256,20
257,257,Zenia Ramme,33,257,18
258,258,Laurie Bromilow,86,258,43
259,259,Elias Hanbidge,20,259,36
260,260,Katheryn Enriquez,95,260,38
261,261,Minor Bortolozzi,3,261,53
262,262,Martha Pavlenko,43,262,82
263,263,Dotti Lott,35,263,25
264,264,Rhianon Allery,19,264,78
265,265,Sebastian Fabry,17,265,7
266,266,Roxanna Slyford,10,266,66
267,267,Eudora Blune,78,267,30
268,268,Dominick Ennor,77,268,23
269,269,Blancha Frede,48,269,52
270,270,Darrick Bedome,28,270,67
271,271,Josefa Reville,57,271,100
272,272,Albrecht Gravett,12,272,23
273,273,Chrissy Barus,90,273,32
274,274,Hali McFall,61,274,52
275,275,Cyril Myhan,73,275,75
276,276,Carmella McKinn,48,276,91
277,277,Rachel Walcot,48,277,17
278,278,Buck Redd,61,278,99
279,279,Shelby Wrate,41,279,4
280,280,Tonya Tweddle,68,280,26
281,281,Krissie Chastagnier,23,281,20
282,282,Sunny Godridge,13,282,90
283,283,Tabatha Kenzie,38,283,6
284,284,Bennett Hurch,16,284,29
285,285,Brent Galletley,43,285,95
286,286,Juline Schoffel,15,286,9
287,287,Fedora de Courcy,74,287,19
288,288,Winn Kettle,73,288,77
289,289,Ramsay Tonge,66,289,11
290,290,Brennan Leatt,83,290,35
291,291,Rosie Cuer,95,291,82
292,292,Kaycee Lochran,32,292,100
293,293,Lucie Corcoran,51,293,15
294,294,Ilka Filisov,36,294,71
295,295,Fulton Drewell,30,295,91
296,296,Bernetta Godmer,82,296,39
297,297,Rudolph Loftie,48,297,71
298,298,Katha Finnigan,48,298,19
299,299,Ingemar Raisher,35,299,61
300,300,Maryrose De Giorgi,54,300,60
301,301,Shane Philipsen,96,301,28
302,302,Lucie Doughartie,80,302,52
303,303,Frederica Lorrimer,59,303,7
304,304,Dorena La Vigne,2,304,82
305,305,Jonah Hinksen,64,305,93
306,306,Cody Tesseyman,68,306,48
307,307,Gregoire Grumley,98,307,61
308,308,Darby Woolen,90,308,22
309,309,Ranna Morrow,53,309,97
310,310,Shanda Kanzler,95,310,6
311,311,Bogey Brundale,34,311,14
312,312,Branden Grewe,2,312,56
313,313,Emelita Swidenbank,94,313,55
314,314,Cherise Caulliere,3,314,60
315,315,Stormie Denkel,86,315,98
316,316,Romeo Mowat,51,316,47
317,317,Sherline Gegay,41,317,23
318,318,Viv Form,99,318,17
319,319,Isiahi Roxburch,20,319,99
320,320,Cheryl Fynn,23,320,14
321,321,Lucais Redfield,59,321,76
322,322,Tades Hinstridge,16,322,96
323,323,Kev Scotchforth,62,323,79
324,324,Grantham Trayes,100,324,33
325,325,Dionis Blundin,93,325,63
326,326,Ermina Dranfield,22,326,45
327,327,Christiane Kief,5,327,95
328,328,Worthy Satchell,24,328,89
329,329,Hollyanne Chilton,64,329,31
330,330,Welsh Hunnicot,82,330,83
331,331,Lorianne Earles,56,331,86
332,332,Brier Chaloner,92,332,87
333,333,Barbey Zecchetti,83,333,71
334,334,Keelby Bende,82,334,61
335,335,Dianne Matuszinski,11,335,63
336,336,Normand Filasov,51,336,34
337,337,Darb Goodbourn,19,337,46
338,338,Sally Paoletti,54,338,70
339,339,Kathlin Aucutt,4,339,22
340,340,Yovonnda Scalera,22,340,22
341,341,Korrie Weedon,18,341,95
342,342,Elspeth Rendell,56,342,69
343,343,Bell Schwieso,57,343,46
344,344,Dwain Steaning,80,344,19
345,345,Beauregard Laver,100,345,32
346,346,Alexandre Sesser,54,346,9
347,347,Cleve Putton,86,347,96
348,348,Tess Minocchi,52,348,19
349,349,Mechelle Cobden,35,349,3
350,350,Worth Magenny,40,350,91
351,351,Kaylyn Jeppensen,8,351,33
352,352,Isaak Whitington,29,352,34
353,353,Estrella Athey,52,353,97
354,354,Brendon Gooders,40,354,4
355,355,Alidia Potbury,66,355,61
356,356,Phaedra Bushel,90,356,41
357,357,Eldredge Bartoloma,84,357,32
358,358,Giulia Erasmus,24,358,16
359,359,Sinclare Alabone,8,359,50
360,360,Roda Kemish,70,360,83
361,361,Myrna Smidmore,5,361,47
362,362,Oren Padkin,51,362,82
363,363,Carlyle Squirrell,59,363,55
364,364,Tamera Varga,7,364,55
365,365,Taite Scholes,49,365,75
366,366,Dorise Flipek,38,366,85
367,367,Yoshi Wallwood,69,367,22
368,368,Tracee Barkess,36,368,58
369,369,Jasper Westrip,98,369,90
370,370,Marleah Glazyer,72,370,8
371,371,Anatole Raubheim,34,371,36
372,372,Anstice Henrie,99,372,46
373,373,Knox O'Harney,63,373,53
374,374,Gloriana Danelut,65,374,82
375,375,Millie Lavender,4,375,85
376,376,Karee Farish,87,376,99
377,377,Yolanda Malec,12,377,45
378,378,Scott Yurinov,23,378,71
379,379,Vanya Cancutt,78,379,69
380,380,Jayson Kimbrey,28,380,71
381,381,Hyacintha Oxtoby,22,381,30
382,382,Lion Howison,21,382,97
383,383,Geordie Bolam,22,383,22
384,384,Gerrie Terrill,95,384,21
385,385,Alec Oliva,5,385,48
386,386,Seline Bradley,69,386,61
387,387,Rosy McIlvaney,62,387,68
388,388,Aland Davage,96,388,44
389,389,Jamaal Phippin,27,389,6
390,390,Sid Patillo,98,390,64
391,391,Isaac Anstice,39,391,41
392,392,Tedi Morrison,35,392,73
393,393,Eadith D'Almeida,17,393,98
394,394,Doti Toohey,59,394,42
395,395,Kane Valintine,51,395,32
396,396,Farah Cardello,44,396,70
397,397,Dena Seed,90,397,88
398,398,Manuel Goodsir,97,398,63
399,399,Theo Ure,81,399,44
400,400,Pip Bloxsum,60,400,49
401,401,Loella Courtin,14,401,55
402,402,Sloane Domange,76,402,68
403,403,Orin Nicholas,77,403,100
404,404,Dell Ravenhills,57,404,3
405,405,Vittoria Postians,59,405,52
406,406,Johnny Delgado,9,406,86
407,407,Melvyn Bush,71,407,47
408,408,Thea Sturgis,35,408,26
409,409,Locke Attrill,62,409,71
410,410,Spencer O'Garmen,50,410,73
411,411,Michelle Nussey,74,411,66
412,412,Colin Bloomfield,27,412,10
413,413,Cynthea Swanton,20,413,3
414,414,Adey Dows,24,414,1
415,415,Benedick Dolohunty,64,415,18
416,416,Jay Elacoate,73,416,98
417,417,Winston Maulden,83,417,24
418,418,Emmy Spaven,30,418,70
419,419,Leelah Diack,44,419,92
420,420,Katie Lehrian,41,420,48
421,421,Mahmud Lillie,61,421,92
422,422,Jacynth Syalvester,73,422,89
423,423,Hyacinthia Corrett,43,423,52
424,424,Engelbert Rathborne,92,424,19
425,425,Jolene Burston,44,425,56
426,426,Garold Spurritt,89,426,78
427,427,Jessi Maymand,38,427,96
428,428,Danice Terzo,1,428,24
429,429,Niel Gavrielly,5,429,87
430,430,Nollie Kettlesting,97,430,40
431,431,Cymbre Axel,36,431,30
432,432,Erroll Doumer,56,432,92
433,433,Yardley Mettericke,6,433,97
434,434,Karoly Petras,51,434,37
435,435,Vasily Foucard,58,435,84
436,436,Vivianne Kenefick,52,436,43
437,437,Golda Mathonnet,77,437,31
438,438,Robbie Habbal,21,438,51
439,439,Massimiliano Bristo,6,439,51
440,440,Leesa Reye,51,440,4
441,441,Fran Daber,7,441,74
442,442,Chelsae McCullock,33,442,28
443,443,Denni Dowdney,62,443,71
444,444,Boyd O'Fallon,22,444,27
445,445,Nonah Goacher,87,445,58
446,446,Grantley Mawson,81,446,20
447,447,Miguel Salthouse,92,447,71
448,448,Monro McShirie,39,448,6
449,449,Lorilee Keighly,20,449,66
450,450,Perrine Bernakiewicz,66,450,92
451,451,Celine Simmonite,47,451,2
452,452,Harald Rudgley,45,452,42
453,453,Ranique Sprionghall,82,453,59
454,454,Dennet Sendley,57,454,13
455,455,Sella Sponder,100,455,64
456,456,Amelina Le Grys,37,456,32
457,457,Joshua Fleg,92,457,10
458,458,Gris Pretley,42,458,90
459,459,Auria Ryburn,86,459,39
460,460,Jerrold Yushkin,59,460,46
461,461,Nolan Stickley,81,461,72
462,462,Brietta Skippen,26,462,100
463,463,Marietta Holbie,9,463,99
464,464,Nero Islep,62,464,55
465,465,Irina Rayner,49,465,30
466,466,Gene Leather,92,466,9
467,467,Ariela Swetmore,30,467,56
468,468,Xenos Prayer,38,468,89
469,469,Enrika Plampin,20,469,71
470,470,Darius Cheine,52,470,87
471,471,Noam Leythley,43,471,17
472,472,Noe Parkes,75,472,68
473,473,Vanya Workman,38,473,72
474,474,Margy Stear,39,474,75
475,475,Ardys Petche,63,475,75
476,476,Angil Metham,28,476,99
477,477,Gayle Howsam,88,477,95
478,478,Donall Bonanno,17,478,50
479,479,Jolee Rubinfeld,25,479,77
480,480,Sean Allard,64,480,5
481,481,Boote Dot,80,481,16
482,482,Truda Veelers,51,482,17
483,483,Marcellina Danzey,19,483,99
484,484,Janaya Pegden,6,484,94
485,485,Lorette Pettiford,13,485,9
486,486,Gabey Marguerite,83,486,75
487,487,Pammy Bonson,37,487,98
488,488,Licha Lehrian,51,488,80
489,489,Moshe Fallens,75,489,99
490,490,Allin Lukianov,68,490,83
491,491,Gorden Lyenyng,83,491,88
492,492,Tremaine Saveall,35,492,53
493,493,Faythe Couche,87,493,50
494,494,Carlyle Angrick,12,494,79
495,495,Vincenz Sandey,92,495,94
496,496,Karry Fedder,91,496,25
497,497,Jeno Vesty,34,497,68
498,498,Gino Millwater,92,498,25
499,499,Adara Ramelet,95,499,28
500,500,Dorrie Scandrite,75,500,68
501,501,Fabiano Tull,72,501,19
502,502,Lonnie Robjohns,13,502,15
503,503,Auberta Flattman,88,503,79
504,504,Lorette Menure,58,504,68
505,505,Dollie Bowlas,93,505,11
506,506,Ashby Madden,95,506,21
507,507,Melonie Moyles,5,507,32
508,508,Codee Scotchforth,35,508,41
509,509,Devy Vaggers,85,509,35
510,510,Klarika Scanterbury,53,510,16
511,511,Hymie Benns,80,511,18
512,512,Rhetta Matussevich,15,512,84
513,513,Theo Andrieux,76,513,36
514,514,Kylen Blune,56,514,48
515,515,Daniel Ashbee,55,515,29
516,516,Vanny Chelam,21,516,75
517,517,Evy Kunzel,84,517,97
518,518,Mick Genever,15,518,77
519,519,Forrester Caulder,5,519,62
520,520,Bentlee Gruszka,93,520,27
521,521,Spencer Kemer,29,521,13
522,522,Rabi Bayne,71,522,100
523,523,Jodi Byres,7,523,61
524,524,Alethea Rames,50,524,79
525,525,Gradeigh Meehan,48,525,31
526,526,Augusta Rizzardi,50,526,8
527,527,Arlen Frear,41,527,51
528,528,Fernanda Hugland,28,528,76
529,529,Kordula Cussins,98,529,72
530,530,Andres Dummigan,38,530,48
531,531,Adrian Tollmache,60,531,60
532,532,Christy Grunder,62,532,28
533,533,Beniamino Natte,65,533,58
534,534,Barby Pickrell,41,534,33
535,535,Nat McNelis,15,535,15
536,536,Fredric Studdert,45,536,17
537,537,Ronica Ionn,67,537,21
538,538,Clement Humbatch,68,538,23
539,539,Arliene Schlagtmans,61,539,80
540,540,Ange Darell,12,540,37
541,541,Clement Fipp,50,541,77
542,542,Madella McParlin,73,542,70
543,543,Jami Haskell,4,543,6
544,544,Torey Peachey,38,544,90
545,545,Ichabod McIlriach,20,545,50
546,546,Gaston Skace,100,546,51
547,547,Si Thombleson,89,547,69
548,548,Opalina Pickance,98,548,98
549,549,Carson Balbeck,30,549,66
550,550,Meggi Clows,56,550,84
551,551,Dugald Lagden,94,551,4
552,552,Tybie Casa,16,552,1
553,553,Gayle Viant,77,553,20
554,554,Connie Rannells,12,554,99
555,555,Dilan Pesic,95,555,93
556,556,Barbee Orchard,39,556,12
557,557,Lilia Cavill,77,557,18
558,558,Judah Leeds,31,558,20
559,559,Anissa Grealish,7,559,72
560,560,Tuesday Tunniclisse,86,560,93
561,561,Amelita Olivas,47,561,38
562,562,Val Knolles-Green,17,562,22
563,563,Austen Wayne,52,563,26
564,564,Bobette Bruck,21,564,66
565,565,Gabrielle Fetteplace,32,565,81
566,566,Vivien Gianinotti,52,566,67
567,567,Baird Chapier,23,567,44
568,568,Bernadene Ratcliff,14,568,95
569,569,Skell Pranger,40,569,95
570,570,Gloria Honeywood,96,570,14
571,571,Nadiya Crohan,40,571,79
572,572,Mendie Coan,41,572,16
573,573,Mary Bartos,49,573,91
574,574,Vincenz McGuiness,8,574,26
575,575,Hermina Tomei,2,575,77
576,576,Tiena Ingray,26,576,87
577,577,Rees Croix,57,577,25
578,578,Gertrud Beaston,33,578,45
579,579,Ravi Castelletto,23,579,70
580,580,Joe Abbis,55,580,76
581,581,Ainslie Balcombe,70,581,81
582,582,Isaiah Lamberton,80,582,15
583,583,Hatti Esmond,18,583,25
584,584,Linoel Stabler,50,584,90
585,585,Kimberlee Dacres,38,585,80
586,586,Shaylyn Bubb,85,586,88
587,587,Jammie Edmonson,76,587,18
588,588,Guenevere Balogh,86,588,9
589,589,Marney Lenard,46,589,69
590,590,Cristionna Juckes,4,590,12
591,591,Casper Sebrook,90,591,40
592,592,Elton Barraclough,74,592,89
593,593,Keen Backshill,64,593,60
594,594,Giustina Pattlel,58,594,98
595,595,Dosi Normadell,2,595,9
596,596,Cathleen Redparth,49,596,98
597,597,Doyle Farrent,16,597,38
598,598,Kevin Bugdall,74,598,3
599,599,Layla Crowcroft,14,599,6
600,600,Margot Fieldsend,80,600,94
601,601,Lexis Muzzlewhite,75,601,52
602,602,Jania Hazley,93,602,7
603,603,Arleyne Vaskov,71,603,30
604,604,Lyn Gringley,29,604,74
605,605,Chan Coppins,44,605,52
606,606,Leighton Gentner,58,606,26
607,607,Wynnie Antognelli,48,607,77
608,608,Bamby Rapier,29,608,54
609,609,Normand Dedham,57,609,5
610,610,Royal Clousley,23,610,56
611,611,Octavius Casbourne,84,611,29
612,612,Alair Bryde,65,612,97
613,613,Emmey Jacobsen,79,613,69
614,614,Dalis Ollander,95,614,82
615,615,Cecelia Instone,27,615,82
616,616,Leeland Harms,52,616,73
617,617,Ole Geipel,11,617,68
618,618,Giff Stepney,1,618,11
619,619,Morten Domney,28,619,34
620,620,Noemi Antonio,1,620,32
621,621,Isabelita Blenkharn,48,621,35
622,622,Walt Lapre,45,622,17
623,623,Freeland Coleson,88,623,70
624,624,Tiertza Andrichuk,67,624,100
625,625,Jacquetta Sinderland,46,625,8
626,626,Matty Sherwen,73,626,7
627,627,Brnaba Bagnell,60,627,75
628,628,Quinton Bernadon,64,628,5
629,629,Sigmund Colegrove,8,629,74
630,630,Creigh Bernollet,75,630,12
631,631,Finn Filippazzo,85,631,48
632,632,Raf de Mullett,18,632,54
633,633,Prinz Beckett,99,633,33
634,634,Pru Sarfass,50,634,81
635,635,Jami Bertram,25,635,48
636,636,Martica Iczokvitz,73,636,9
637,637,Toinette Lummasana,49,637,39
638,638,Trstram Owen,93,638,23
639,639,Ferne Gabbot,8,639,67
640,640,Burty MacFarlane,88,640,57
641,641,Elsie Losbie,55,641,31
642,642,Jeno Willison,17,642,6
643,643,Talbert Blick,72,643,93
644,644,Nicki Pawelek,60,644,21
645,645,Lanny Edgett,95,645,18
646,646,Alyda Manilove,100,646,28
647,647,Crystie Ness,1,647,81
648,648,Cyrill Marlon,85,648,56
649,649,Zelig Prahm,45,649,69
650,650,Bendix Shenton,93,650,86
651,651,Paquito Micheli,88,651,22
652,652,Bobinette Labrenz,23,652,40
653,653,Renard Ransome,17,653,12
654,654,Findlay Lovegrove,22,654,36
655,655,Selig Broomfield,86,655,74
656,656,Celinda Loxston,20,656,13
657,657,Eula Goult,23,657,52
658,658,Odell Ruppert,68,658,31
659,659,Shanan Barde,60,659,47
660,660,Yankee Le Barre,56,660,32
661,661,Christoph Whorlton,71,661,12
662,662,Marena Gascone,56,662,71
663,663,Christian Valeri,36,663,30
664,664,Fannie Dahlbom,52,664,30
665,665,Georgianne Bickers,38,665,55
666,666,Sher Skudder,51,666,86
667,667,Bearnard Kleingrub,70,667,78
668,668,Donni Dodds,83,668,64
669,669,Elyse Addinall,53,669,67
670,670,Fidelio Grute,15,670,58
671,671,Kaylil Greenside,39,671,59
672,672,Tamma Ancliffe,87,672,45
673,673,Elissa Rowler,29,673,1
674,674,Wendy Sadler,88,674,36
675,675,Clemmy Smogur,65,675,47
676,676,Michaella Beare,17,676,79
677,677,Yvon Juste,7,677,10
678,678,Leesa Slowley,31,678,63
679,679,Mickie Peat,52,679,6
680,680,Erina Bendin,49,680,16
681,681,Row Meikle,59,681,68
682,682,Mariya Hardern,96,682,83
683,683,Annette Cardnell,49,683,79
684,684,Arthur McGrirl,62,684,38
685,685,Gwennie Assante,86,685,82
686,686,Angie Collinge,13,686,10
687,687,Bree Cornew,33,687,76
688,688,Buffy Carcass,9,688,100
689,689,Samantha Pioch,96,689,73
690,690,Homere Hunn,38,690,23
691,691,Corbin Leathers,68,691,74
692,692,Mildred O' Loughran,10,692,56
693,693,Yoshi Pikesley,70,693,3
694,694,Spense Fulep,39,694,79
695,695,Babs Cargenven,49,695,12
696,696,Pansie Shower,61,696,38
697,697,Alexi Croney,74,697,30
698,698,Karil McCrystal,64,698,53
699,699,Bernice Kalf,14,699,40
700,700,Marsha Sherreard,21,700,50
701,701,Raven Iskov,23,701,95
702,702,Simona Callway,52,702,7
703,703,Gabbie Dach,68,703,21
704,704,Danni Crofts,86,704,25
705,705,Jere Petru,57,705,13
706,706,Micah Patrono,55,706,32
707,707,Louisette Fairlaw,23,707,91
708,708,Haley Stelfox,74,708,19
709,709,Aeriela Ayerst,96,709,78
710,710,Rene Wadsworth,4,710,30
711,711,Gifford Pavelin,51,711,20
712,712,Chester Bansal,63,712,49
713,713,Nananne Prose,21,713,78
714,714,Catriona Bedder,94,714,29
715,715,Melba Rushman,3,715,85
716,716,Lory Jayume,72,716,24
717,717,Dore Egar,53,717,19
718,718,Trista Ginnally,30,718,10
719,719,Bamby Redington,83,719,2
720,720,Maria Codlin,2,720,46
721,721,Florence Fulton,79,721,79
722,722,Inigo Gate,7,722,12
723,723,Noel Bremen,62,723,24
724,724,Arch Marking,44,724,93
725,725,Armin Mulmuray,8,725,67
726,726,Alaine Garlicke,59,726,36
727,727,Gaye Lanfere,3,727,27
728,728,Berty Limbourne,28,728,14
729,729,Margery Dorrington,4,729,75
730,730,Sela Cerman,79,730,16
731,731,Eddi Cowperthwaite,78,731,87
732,732,Rey Counter,88,732,43
733,733,Odell Iacovino,33,733,66
734,734,Wynn Piser,65,734,28
735,735,Thatch Rollinshaw,78,735,99
736,736,Linette Done,63,736,50
737,737,Caren Challinor,44,737,51
738,738,Rocky Saulter,45,738,81
739,739,Nelle Challace,59,739,59
740,740,Cayla Sailor,28,740,27
741,741,Kelli Hinkley,50,741,77
742,742,Gloriana Renachowski,3,742,11
743,743,Sheilah Perllman,54,743,12
744,744,Adore Eede,65,744,52
745,745,Sergent Ody,1,745,39
746,746,Price Gorriessen,94,746,46
747,747,Arlan Raynham,26,747,20
748,748,Charlene McCrum,14,748,91
749,749,Georgy Yegorev,91,749,1
750,750,Penny Regis,90,750,70
751,751,Erv Curnick,59,751,57
752,752,Karole Kornalik,98,752,2
753,753,Bear Thyer,18,753,95
754,754,Marie-ann Tevelov,88,754,15
755,755,Oriana Murt,70,755,98
756,756,Teressa Caiger,76,756,5
757,757,Jonathon Copcott,40,757,5
758,758,Marthena Cavet,44,758,35
759,759,Sully Ouldcott,18,759,68
760,760,My Langworthy,4,760,81
761,761,Rahal Gollin,17,761,85
762,762,Anselma Woodland,13,762,42
763,763,Rosetta Ranyelld,15,763,72
764,764,Aurelea Black,56,764,91
765,765,Lemar Maidens,42,765,62
766,766,Minette Olenchenko,38,766,86
767,767,Perry Spillett,20,767,30
768,768,Travis Hevey,48,768,59
769,769,Merle McMychem,18,769,94
770,770,Allister Senchenko,93,770,68
771,771,Sanson Takle,62,771,43
772,772,Sadye Curtain,75,772,71
773,773,Brynne Edison,89,773,7
774,774,Charity Senecaut,17,774,13
775,775,Violet Corderoy,39,775,4
776,776,Dorothy Broschke,60,776,28
777,777,Ericha Tern,18,777,93
778,778,Alexio Matuszkiewicz,76,778,7
779,779,Marleen Sandbatch,8,779,21
780,780,Fredericka Zeplin,67,780,24
781,781,Dionne Gentil,36,781,59
782,782,Rooney Massie,93,782,94
783,783,Jamie Rosellini,89,783,85
784,784,Alix Hauch,13,784,62
785,785,Brooks Wakeford,79,785,15
786,786,Hatti Alcock,7,786,58
787,787,Ermengarde Croisier,43,787,18
788,788,Derwin Logsdail,25,788,15
789,789,Armand Blazynski,26,789,51
790,790,Cosetta Shellshear,50,790,2
791,791,Katinka Cumberlidge,60,791,81
792,792,Wanids Steventon,53,792,71
793,793,Cedric Dowse,87,793,40
794,794,Rori Matusevich,25,794,73
795,795,Carroll Holleworth,1,795,53
796,796,Raoul Croker,1,796,12
797,797,Feliza Waldie,97,797,1
798,798,Stan MacAulay,12,798,50
799,799,Hedda Janicek,55,799,84
800,800,Marietta Ellingford,69,800,80
801,801,Minerva Colten,36,801,45
802,802,Jennie Bellworthy,18,802,54
803,803,Osborne Edmondson,57,803,61
804,804,Sully Ruddy,5,804,70
805,805,Bernadina Corkhill,43,805,1
806,806,Melicent Doag,28,806,11
807,807,Ranee Petit,100,807,34
808,808,Mehetabel Goring,48,808,19
809,809,Peyton Jillis,85,809,86
810,810,Maurene Stutter,21,810,41
811,811,Lenora Bestwick,45,811,68
812,812,Eleanor Cowoppe,71,812,22
813,813,Harriott Brodhead,95,813,8
814,814,Aloisia Archibold,30,814,68
815,815,Louella Overstall,54,815,39
816,816,Bellanca Dumbare,82,816,80
817,817,Carolynn Ealden,57,817,9
818,818,Lanie Elsy,49,818,74
819,819,Matti Fahy,98,819,56
820,820,Ebonee Townsend,16,820,22
821,821,Irma McTavish,37,821,6
822,822,Silvia Houchin,35,822,32
823,823,Ignace Crowden,41,823,95
824,824,Gisela Waple,18,824,21
825,825,Jinny Whitelock,35,825,92
826,826,Dorise Bayns,13,826,74
827,827,Gail Crafter,19,827,79
828,828,Georgeanna Alner,21,828,44
829,829,Nanete Itzakson,57,829,73
830,830,Sherwood Bangley,72,830,79
831,831,Jade Salmond,48,831,96
832,832,Carmencita Buckberry,34,832,10
833,833,Ebonee Gladeche,57,833,67
834,834,Cosette Janu,86,834,19
835,835,Ephraim Roocroft,3,835,6
836,836,Lisetta Davids,42,836,42
837,837,Regan Lyte,99,837,8
838,838,Janelle Maund,39,838,13
839,839,Vernen Idle,1,839,33
840,840,Winston Maycey,72,840,95
841,841,Marty Rosebotham,25,841,34
842,842,Tamiko Gravenell,93,842,88
843,843,Dannel De Biasi,90,843,10
844,844,Rea Bixley,22,844,2
845,845,Gisela Calken,72,845,38
846,846,Emmalee Whapham,90,846,10
847,847,Nat Redwing,55,847,71
848,848,Shermie Branwhite,24,848,98
849,849,Britta Kettlesting,57,849,90
850,850,Dori Hembrow,9,850,29
851,851,Conrade Reignolds,62,851,72
852,852,Artus Hector,63,852,81
853,853,Kevan Theriot,98,853,3
854,854,Erhard Andras,48,854,45
855,855,Nerte Spinks,76,855,64
856,856,Rickey Shallow,60,856,46
857,857,Ilyse Shawcross,7,857,46
858,858,Emeline Hills,43,858,18
859,859,Malina Cadman,89,859,18
860,860,Lotti O'Hara,54,860,72
861,861,Janenna Cardall,72,861,23
862,862,Marylinda Zamboniari,1,862,75
863,863,Anthea Sheehan,31,863,75
864,864,Hershel Brewitt,24,864,19
865,865,Jo ann Laverack,20,865,86
866,866,Crissy Ickov,15,866,95
867,867,Katha Peinton,30,867,75
868,868,Violante Linkie,100,868,58
869,869,Morty Bedboro,66,869,44
870,870,Jehanna Ledekker,86,870,86
871,871,Jodie Deane,27,871,30
872,872,Jinny Danovich,98,872,47
873,873,Hobard Cullinan,96,873,53
874,874,Dodi Kuschek,98,874,59
875,875,Jessamine Hoppner,49,875,50
876,876,Manon McErlaine,67,876,66
877,877,Glennis Malbon,54,877,38
878,878,Lorinda Cloney,55,878,65
879,879,Lilla Matteau,100,879,47
880,880,Arlin Libri,80,880,65
881,881,Abe Feaster,33,881,47
882,882,Chadwick Spensley,6,882,64
883,883,Errick Mote,32,883,73
884,884,Dolf Stitle,20,884,65
885,885,Tabor Hayto,29,885,96
886,886,Daniela Coulsen,86,886,30
887,887,Elianora Kellaway,90,887,68
888,888,Riley Ruf,88,888,71
889,889,Joelie Ceaser,5,889,29
890,890,Julienne Ducarel,67,890,86
891,891,Mersey Grinikhin,17,891,31
892,892,Nap Bescoby,11,892,28
893,893,Edithe McNiff,10,893,37
894,894,Flossie Elks,66,894,82
895,895,Godiva Clorley,81,895,35
896,896,Dyanne Ayling,26,896,87
897,897,Eric Roma,36,897,78
898,898,Vanya Beresford,52,898,22
899,899,Burg Philip,57,899,75
900,900,Kimberly Scriver,45,900,15
901,901,Vern Shewring,24,901,100
902,902,Lorianne Elsmor,36,902,32
903,903,Myer Scaysbrook,88,903,26
904,904,Elle Arnoult,99,904,90
905,905,Sibyl Karle,3,905,76
906,906,Basile Mucillo,29,906,67
907,907,Paul Winfindine,7,907,38
908,908,Selma Willcott,68,908,43
909,909,Andromache Lindsell,33,909,31
910,910,Neall Leadbeatter,89,910,20
911,911,Filmore Lakenden,99,911,6
912,912,Job McReidy,34,912,88
913,913,Alon Diehn,79,913,80
914,914,Norbert Gagan,31,914,3
915,915,Eula Ericssen,97,915,89
916,916,Rosy Livock,47,916,84
917,917,Giralda McElory,89,917,11
918,918,Rosalinda Jukes,46,918,2
919,919,Paulie Feragh,44,919,11
920,920,Alma Laughton,36,920,10
921,921,Brent Bevis,32,921,13
922,922,Mathe Wilcot,73,922,55
923,923,Anni Punch,71,923,81
924,924,Yorgo Yockley,60,924,94
925,925,Cleopatra Whittock,76,925,9
926,926,Salvatore Isaksen,74,926,80
927,927,Alphonse Enefer,70,927,8
928,928,Bendix Eltune,16,928,80
929,929,Selle Follett,12,929,32
930,930,Abrahan Gwillim,7,930,9
931,931,Nancy Mabbitt,86,931,38
932,932,Addy Pinch,59,932,79
933,933,Evyn Guyver,20,933,30
934,934,Mora Wetton,34,934,49
935,935,Berton Baudou,58,935,53
936,936,Ashlan Padson,92,936,90
937,937,Catarina Niessen,6,937,66
938,938,Goraud Boller,16,938,65
939,939,Prentice Tapenden,99,939,17
940,940,Holly Balham,52,940,84
941,941,Dicky Monckman,44,941,43
942,942,Hewie Lankester,2,942,29
943,943,Grissel Brissenden,23,943,2
944,944,Lavena Hathwood,36,944,33
945,945,Jacinthe Greenroa,41,945,6
946,946,Nataline Janacek,46,946,75
947,947,Bartolomeo Ivashechkin,16,947,39
948,948,Mariya Katt,5,948,81
949,949,Ugo Joslin,92,949,76
950,950,Henka Muzzillo,97,950,5
951,951,Harry Ninnoli,29,951,37
952,952,Nadean Itzkovwich,69,952,47
953,953,Denna Burrett,75,953,74
954,954,Algernon Meenan,94,954,6
955,955,Tripp Crawley,47,955,72
956,956,Milton Jeayes,23,956,1
957,957,Vevay Aylwin,52,957,16
958,958,Charlie Delamaine,63,958,62
959,959,Blinnie Weatherhead,74,959,16
960,960,Adlai Goldup,27,960,66
961,961,Andi Yurkin,20,961,68
962,962,Eric Dwire,81,962,75
963,963,Rory Beauly,7,963,48
964,964,Lanna Confort,71,964,29
965,965,Devinne Hugueville,68,965,85
966,966,Udell Andryunin,32,966,48
967,967,Moses Casaro,17,967,21
968,968,Edy Kershaw,75,968,11
969,969,Melosa Reichartz,8,969,19
970,970,Darrell Carville,43,970,70
971,971,Blancha Matej,50,971,84
972,972,Lena McPake,77,972,17
973,973,Cherilyn Chaudron,70,973,89
974,974,Hercule Alderman,5,974,64
975,975,Arabela Stolle,58,975,27
976,976,Esta Bernasek,39,976,1
977,977,Elsbeth Hovie,78,977,89
978,978,Alford Thackeray,33,978,23
979,979,Bendix Carreck,44,979,52
980,980,Benedikta Spirritt,45,980,15
981,981,Rodie Allsep,49,981,49
982,982,Jacquie Bazek,16,982,40
983,983,Elvira Minerdo,26,983,95
984,984,Tobias Kemster,95,984,32
985,985,Ogden Roff,100,985,57
986,986,Boycie Diprose,25,986,26
987,987,Nadine Everill,16,987,18
988,988,Freeland Sedgeworth,59,988,3
989,989,Dulciana Rayburn,89,989,46
990,990,Ki Couling,86,990,51
991,991,Ansel Scrimshire,74,991,81
992,992,Lucho Waleran,79,992,43
993,993,Aimee Tyrone,97,993,72
994,994,Gunar Fortman,90,994,22
995,995,Dean Kliche,56,995,97
996,996,Tymon Gajownik,63,996,95
997,997,Tabbie Vanyatin,25,997,52
998,998,Giffy Warsop,56,998,40
999,999,Harmony Sadlier,56,999,93
1000,1000,Kelcy Pawlick,92,1000,3
